scrape_date ,post_code , hostName ,createdDate ,expiresDate ,companyName 
4/30/2019,43101,isfahn.org,10/13/2015,10/13/2018,Espresso Latino
4/30/2019,43101,joycelyn.top,4/4/2016,4/4/2017,Zane Joycelyn
4/30/2019,43101,lightsonpublisher.com,12/10/2013,12/10/2018,None
4/30/2019,43101,ominousentertainment.com,8/15/2007,8/15/2018,Ominous Entertainment
4/30/2019,43103,1stsamuel.com,5/15/2008,5/15/2018,First Samuel
4/30/2019,43103,24daystart.com,5/21/2012,5/21/2019,None
4/30/2019,43103,3d-innovations.us,10/8/2015,10/7/2018,Derrick Williams
4/30/2019,43103,5deadcatscom.com,5/19/2016,5/19/2020,None
4/30/2019,43103,aairfiltersusa.com,7/30/2012,7/30/2019,FILTERSUSA.COM
4/30/2019,43103,alextanphoto.com,3/4/2015,3/4/2019,Alex Tan Photography
4/30/2019,43103,alliedfireservice.com,2/10/2007,2/10/2019,NA
4/30/2019,43103,allkindsoffiltersusa.co,2/5/2013,2/4/2019,None
4/30/2019,43103,allwaterhauling.com,6/1/2015,6/1/2018,None
4/30/2019,43103,alphadogsitter.com,5/10/2011,5/10/2018,VANGUARD CONSULTING INC.
4/30/2019,43103,amazingyoumakeup.com,9/6/2014,9/6/2018,None
4/30/2019,43103,apothecary-rx.com,12/1/2015,12/1/2018,ASHVILLE APOTHECARY
4/30/2019,43103,ashville4thofjuly.net,1/5/2017,1/5/2019,None
4/30/2019,43103,ashville4thofjuly.org,1/5/2017,1/5/2019,None
4/30/2019,43103,ashvillechiropractic.com,6/4/2008,6/4/2020,-
4/30/2019,43103,ashvilledental.com,5/31/2010,5/31/2019,None
4/30/2019,43103,ashvilleseniorapts.com,7/8/2014,7/8/2018,Community Investment Management Services
4/30/2019,43103,ashvillevikingfest.com,6/6/2003,6/6/2019,None
4/30/2019,43103,aubreesbooks.com,5/2/2013,5/2/2019,None
4/30/2019,43103,bachelorettetobrideweddings.com,8/9/2015,8/9/2018,None
4/30/2019,43103,bcdiversified.com,1/25/2011,1/25/2023,Building Construction Diversified
4/30/2019,43103,beautifullycustomboutique.com,11/6/2017,11/6/2018,None
4/30/2019,43103,bestairfurnacefilters.us,8/29/2014,8/28/2018,None
4/30/2019,43103,beststuffworld.com,3/8/2017,3/8/2019,None
4/30/2019,43103,billingsquarterhorses.com,7/24/2002,7/24/2018,Billings Quarter Horses Inc.
4/30/2019,43103,blueberryvalley.net,3/14/2011,3/14/2021,None
4/30/2019,43103,bridgestreetlandingapts.com,3/15/2016,3/15/2019,None
4/30/2019,43103,bsellc.us,8/5/2013,8/4/2020,Betts Structural Engineering LLC
4/30/2019,43103,buckeye-contractors.com,8/17/2016,8/17/2018,None
4/30/2019,43103,buckeyehomecenter.com,7/25/2009,7/25/2019,Para Dise LLC
4/30/2019,43103,buckeyestatearmory.com,7/2/2016,7/2/2019,None
4/30/2019,43103,buildapedia.net,3/29/2010,1/1/2019,LW Associates
4/30/2019,43103,buildingahimfuture.com,12/4/2015,12/4/2020,None
4/30/2019,43103,cabinautofilters.us,1/26/2012,1/25/2019,None
4/30/2019,43103,cabinautofiltersusa.us,1/26/2012,1/25/2019,None
4/30/2019,43103,cabinfiltersusa.us,1/26/2012,1/25/2019,None
4/30/2019,43103,canasigns.org,5/11/2017,5/11/2019,None
4/30/2019,43103,candaceseberig.com,8/21/2016,8/21/2018,None
4/30/2019,43103,carlwheelers.com,12/18/2013,12/18/2018,Carl Wheeler's Septic Cleaning
4/30/2019,43103,circlevalley.us,3/14/2015,3/13/2020,Circle Valley Services
4/30/2019,43103,circlevalley.net,3/14/2015,3/14/2020,None
4/30/2019,43103,circlevalleyservices.com,3/14/2015,3/14/2020,None
4/30/2019,43103,clintonstamper.com,11/21/2015,11/21/2018,Clinton Stamper Web Design
4/30/2019,43103,colind.biz,9/23/2013,9/22/2023,None
4/30/2019,43103,colind.us,11/13/2017,11/13/2022,Columbus Industries
